Book_title,Book_author,Book_length
Forgotten Desires,Corinne Michaels,Length: 9 hrs and 8 mins
Emperor's End,Kyle Kirrin,Length: 16 hrs and 18 mins
Bog Standard Isekai: Scarred,Miles English,Length: 18 hrs
I Can't Even,Lani Lynn Vale,Length: 6 hrs and 26 mins
Disconnect,Traci Hunter Abramson,Length: 9 hrs and 47 mins
God of War,Rina Kent,Length: 15 hrs
"Rise of the Weakest Summoner, Volume IX",J.R. Saileri,Length: 19 hrs
Wrathful Mortals,"Caroline Peckham,Susanne Valenti",Length: 11 hrs and 13 mins
Mystery Magnet,Gregory Ashe,Length: 5 hrs and 53 mins
Graves,Katelyn Taylor,Length: 10 hrs and 35 mins
Viper,Suzanne Wright,Length: 10 hrs
Entrances and Exits,"Michael Richards,Jerry Seinfeld - foreword",Length: 15 hrs and 14 mins
The Knight,Will Wight,Length: Not Yet Known
He Who Fights with Monsters 11: A LitRPG Adventure,"Shirtaloon,Travis Deverell",Length: 28 hrs and 36 mins
My Dark Beast,Olivia Wildenstein,Length: 18 hrs and 17 mins
Death Rocks,LJ Ross,Length: 6 hrs
Crossroads,Devney Perry,Length: 8 hrs and 46 mins
A Leaner Meaner Midlife,Robyn Peterman,Length: 4 hrs and 25 mins
How Leaders Learn,"David Novak,Lari Bishop - contributor",Length: 7 hrs
The Trump Prophecies: Updated and Expanded,Mark Taylor,Length: 7 hrs and 17 mins
It Was You All Along,Russ,Length: 1 hr and 40 mins
Late Admissions,Glenn Loury,Length: 18 hrs and 27 mins
Why I Hate Everything,Margaret Weber,Length: 6 hrs and 43 mins
Defiance of the Fall 13,"TheFirstDefier,JF Brink",Length: 24 hrs and 35 mins
Enemy A(n)t the Gates,RinoZ,Length: 20 hrs and 49 mins
Will Leave the Galaxy for Good,Yahtzee Croshaw,Length: 9 hrs and 50 mins
Gay the Pray Away,Natalie Naudus,Length: 7 hrs and 12 mins
Transcending Dreams,S. C. King,Length: 26 hrs and 20 mins
Fate of the Sun King,Nisha J. Tuli,Length: 15 hrs and 30 mins
Bloodline: The Root of All Evil,ThinkTwice,Length: 22 hrs and 48 mins
Olive You to Death,Lynn Cahoon,Length: 6 hrs and 51 mins
Bonded in Death,J. D. Robb,Length: 10 hrs and 30 mins
Nemesis,Gregg Hurwitz,Length: 15 hrs
The Comfort of Ghosts,Jacqueline Winspear,Length: 10 hrs and 6 mins
Scavengers,Brian J. Nordon,Length: 18 hrs and 53 mins
Leather & Lark,Brynne Weaver,Length: 12 hrs and 15 mins
The Legend of Randidly Ghosthound 8,"Noret Flood,puddles4263",Length: 29 hrs and 7 mins
One Deadly Eye,Randy Wayne White,Length: 9 hrs and 41 mins
Atticus,Taylor Rylan,Length: 7 hrs and 50 mins
Summer Romance,Annabel Monaghan,Length: 8 hrs and 27 mins
Small Town Horror,Ronald Malfi,Length: 10 hrs and 50 mins
Dark Wire,Joseph Cox,Length: 11 hrs and 40 mins
Crystal Core,David Burke,Length: 14 hrs and 36 mins
The Unwanted Wife,L. Steele,Length: 10 hrs and 48 mins
Shelterwood,Lisa Wingate,Length: 14 hrs and 2 mins
Paladin's Faith,T. Kingfisher,Length: 16 hrs and 19 mins
The Unwedding,Ally Condie,Length: 10 hrs and 57 mins
Apostles of Mercy,Lindsay Ellis,Length: 16 hrs and 19 mins
The War on Warriors,Pete Hegseth,Length: 8 hrs and 10 mins
Throne World,B.V. Larson,Length: 12 hrs and 29 mins
Stuart Woods' Smolder,Brett Battles,Length: 8 hrs and 40 mins
Iron Flame (Part 2 of 2) (Dramatized Adaptation),Rebecca Yarros,Length: 11 hrs
Esnob [Snob],Elísabet Benavent,Length: 17 hrs and 37 mins
Restoration,Tate James,Length: 8 hrs and 12 mins
The Vampire and the Case of the Baleful Banshee,"Heather G. Harris,Jilleen Dolbeare",Length: 8 hrs and 3 mins
"Farewell, Amethystine",Walter Mosley,Length: 9 hrs and 8 mins
Lies I Taught in Medical School,Robert Lufkin MD,Length: 8 hrs and 6 mins
Dungeon Diving 201,Bruce Sentar,Length: 11 hrs and 41 mins
Beware of Chicken 4: A Xianxia Cultivation Novel,Casualfarmer,Length: 30 hrs and 8 mins
Lethal Vows,"Kia Carrington-Russell,T.L. Smith",Length: 7 hrs and 35 mins
Amazon Apocalypse 2,Marvin Knight,Length: 25 hrs and 35 mins
7 Detrimental Mistakes After a Toxic Relationship,Lov Light,Length: 3 hrs and 23 mins
Fantastic Fungi,Paul Stamets,Length: 5 hrs and 20 mins
There Is No Ethan,Anna Akbari,Length: 9 hrs and 57 mins
Fondant Fumble,Jenn McKinlay,Length: 6 hrs and 45 mins
Iron Fist: Star Wars Legends (Wraith Squadron),Aaron Allston,Length: 13 hrs and 6 mins
The Songbird and the Heart of Stone,Carissa Broadbent,Length: 15 hrs and 33 mins
Confidence,Ethan Nichtern,Length: 6 hrs and 56 mins
The Crimson Chase,Cap Daniels,Length: 9 hrs and 8 mins
Swan Song,Elin Hilderbrand,Length: 13 hrs and 39 mins
Self-Made Man,Norah Vincent,Length: 9 hrs and 6 mins
The Cycle of Galand,Edward W. Robertson,Length: 26 hrs and 49 mins
I Shouldn’t Be Telling You This,Chelsea Devantez,Length: 8 hrs and 54 mins
Warrior King,Wilbur Smith,Length: 14 hrs and 11 mins
Sagewood: Restore the Farm,"Blake Arthur Peel,Kimberly Ann Peel",Length: 11 hrs and 16 mins
Taking Ground,John Van Stry,Length: 9 hrs and 40 mins
Wind and Truth,Brandon Sanderson,Length: 55 hrs
Tax-Free Wealth,"Tom Wheelwright CPA,Robert Kiyosaki - foreword",Length: 8 hrs and 50 mins
Love Life and Lose Weight,Heather V. Beardsley,Length: 3 hrs and 35 mins
Tom Clancy Defense Protocol,"Brian Andrews,Jeffrey Wilson",Length: 15 hrs
Service Model,Adrian Tchaikovsky,Length: 12 hrs and 21 mins
Onyx Storm,Rebecca Yarros,Length: 14 hrs and 15 mins
Mob Sorcery 2,K.D. Robertson,Length: 15 hrs and 52 mins
The Fall of Roe,"Elizabeth Dias,Lisa Lerer",Length: 15 hrs and 39 mins
Swift River,Essie Chambers,Length: 10 hrs and 17 mins
The Black Bird Oracle,Deborah Harkness,Length: 17 hrs
The Devil's Lair,Penny Dee,Length: 8 hrs and 40 mins
The Obesity Code Cookbook,Dr. Jason Fung,Length: 4 hrs and 38 mins
The Legend of Randidly Ghosthound 7,"Noret Flood,puddles4263",Length: 27 hrs and 53 mins
"Right Thing, Right Now",Ryan Holiday,Length: 7 hrs and 59 mins
Wild Scottish Beauty,Tricia O'Malley,Length: 9 hrs and 5 mins
It's Not Like Being Black,Voddie T. Baucham Jr.,Length: 5 hrs and 42 mins
When the Sea Came Alive,Garrett M. Graff,Length: 19 hrs and 33 mins
In the Shadows,"Mickey Bergman,Ellis Henican",Length: 10 hrs and 14 mins
The Chosen: Upon This Rock,Jerry B. Jenkins,Length: 8 hrs and 48 mins
Indaria,SunriseCV,Length: 13 hrs and 57 mins
The Witch of Webs,pirateaba,Length: 47 hrs and 18 mins
"Heretical Fishing 2: A Cozy Guide to Annoying the Cults, Outsmarting the Fish, and Alienating Oneself",Haylock Jobson,Length: 25 hrs and 4 mins
To Be Loved,Frank G. Anderson MD,Length: 10 hrs and 46 mins
Such a Bad Influence,Olivia Muenter,Length: 12 hrs and 46 mins
Makai,Grey Huffington,Length: 9 hrs and 22 mins
Heavy Is the Crown,"J.N. Chaney,Terry Maggert",Length: 10 hrs and 5 mins
Not in Love,Ali Hazelwood,Length: 11 hrs and 55 mins
Sanctuary,Stacey Reynolds,Length: 11 hrs and 59 mins
The Stranger in the Library,Eva Gates,Length: 9 hrs and 5 mins
The Light of Battle,Michel Paradis,Length: 16 hrs and 43 mins
Keem & Tasia,K.C. Mills,Length: 15 hrs and 20 mins
The Fury of the Gods,John Gwynne,Length: 15 hrs
Malas,Marcela Fuentes,Length: 12 hrs and 30 mins
What It Takes to Heal,Prentis Hemphill,Length: 6 hrs and 13 mins
I Don't Want to Go Home,Nick Corasaniti,Length: 11 hrs and 11 mins
For the Love of Summer,Susan Mallery,Length: 11 hrs and 58 mins
House of Sky and Breath (Part 1 of 2) (Dramatized Adaptation),Sarah J. Maas,Length: 11 hrs
Dark Lord: Star Wars Legends,James Luceno,Length: 14 hrs
The Seaside Sisters,Pamela M. Kelley,Length: 8 hrs and 22 mins
False Start,Kandi Steiner,Length: 10 hrs and 59 mins
Passions in Death,J. D. Robb,Length: 12 hrs and 51 mins
Beyond the Isle of the Lost,Melissa de la Cruz,Length: 6 hrs and 34 mins
Modern Friendship,Anna Goldfarb,Length: 8 hrs and 13 mins
A Death in Cornwall,Daniel Silva,Length: 10 hrs and 15 mins
Ambition Monster,Jennifer Romolini,Length: 9 hrs and 32 mins
Forgotten,M. Sinclair,Length: 6 hrs and 57 mins
The Laws of Connection,David Robson,Length: 9 hrs and 29 mins
The Art of Laziness,Library Mindset,Length: 1 hr and 56 mins
Earl,Ed Nelson,Length: 6 hrs and 1 min
Hell Divers XII: Heroes,Nicholas Sansbury Smith,Length: 13 hrs and 30 mins
A Botanist's Guide to Society and Secrets,Kate Khavari,Length: 12 hrs and 6 mins
Dungeon Revenant,Jay Aury,Length: 10 hrs and 38 mins
The Healer's Way,"Oleg Sapphire,Alexey Kovtunov,Jennifer E. Sunseri - translator",Length: 8 hrs and 36 mins
Now or Never,Janet Evanovich,Length: 8 hrs
Sterling Streak,L.B. Dunbar,Length: 9 hrs and 59 mins
Miss May Does Not Exist,Carrie Courogen,Length: 13 hrs and 54 mins
Runaway Omega,Ember L. Nicole,Length: 16 hrs and 35 mins
The Butcher Game,Alaina Urquhart,Length: Not Yet Known
Shameless,Brian Tyler Cohen,Length: 5 hrs
Codename Nemo,Charles Lachman,Length: 10 hrs and 42 mins
Renewal: A LitRPG Progression Fantasy,J. L. Rabone,Length: 17 hrs and 32 mins
Murder at an English Séance,Jessica Ellicott,Length: 9 hrs and 45 mins
Foundations of Glass,"J.N. Chaney,Terry Maggert",Length: 12 hrs and 24 mins
We Who Wrestle with God,Jordan B. Peterson,Length: 13 hrs
May Contain Lies,Alex Edmans,Length: 8 hrs and 33 mins
Metabolism Repair for Women,Lara Briden,Length: 11 hrs and 1 min
Middle of the Night,Riley Sager,Length: 11 hrs and 22 mins
Dungeon Heroes 5,"Shane Hammond,Marcus Sloss",Length: 10 hrs and 59 mins
The Mirror,Nora Roberts,Length: 14 hrs and 24 mins
Jake's Magical Market 3,J.R. Mathews,Length: 36 hrs and 21 mins
Fall with Me,Becka Mack,Length: 16 hrs and 21 mins
Mirrored Heavens,Rebecca Roanhorse,Length: 19 hrs and 42 mins
Tress of the Emerald Sea,Brandon Sanderson,Length: 12 hrs and 27 mins
One,Paulina Ian-Kane,Length: 8 hrs and 18 mins
The Child Monster: A LitRPG Adventure,V.A. Lewis,Length: 10 hrs and 49 mins
Ember,"Jeffrey Wilson,Brian Andrews",Length: 14 hrs
Dark Calories,Catherine Shanahan MD,Length: 11 hrs and 50 mins
When Women Ran Fifth Avenue,Julie Satow,Length: 10 hrs and 9 mins
Tracks,Louise Erdrich,Length: 7 hrs and 2 mins
Red Sky Mourning,Jack Carr,Length: 15 hrs and 28 mins
Holding It Together,Jessica Calarco,Length: 8 hrs and 32 mins
LastRock,Phil Tucker,Length: 26 hrs and 3 mins
The Hidden History of the White House,Corey Mead,Length: 8 hrs and 45 mins
The Wren in the Holly Library,K.A. Linde,Length: 15 hrs and 16 mins
Recon,Craig Alanson,Length: 16 hrs and 26 mins
12 Miles Below III: Grand Design,Mark Arrows,Length: 17 hrs and 18 mins
Enchanting Exposition,Alice Winters,Length: 8 hrs and 43 mins
The Road to the Country,Chigozie Obioma,Length: 13 hrs and 47 mins
How to Love Someone Without Losing Your Mind,Todd Baratz LMHC,Length: 6 hrs and 55 mins
Conflict of Duty,James Chandler,Length: 9 hrs and 47 mins
Liberalism as a Way of Life,Alexandre Lefebvre,Length: 8 hrs and 11 mins
Secrets and Strife: An Isekai LitRPG,SourpatchHero,Length: 18 hrs and 53 mins
A Dog Named Mattis,Mark Tappan,Length: 4 hrs and 31 mins
Birds Aren't Real,"Peter McIndoe,Connor Gaydos",Length: 3 hrs and 50 mins
The Comprehensive Guide to Wall Pilates for Seniors,"Katherine Harmeen,John Ok",Length: 3 hrs and 49 mins
Just Some Stupid Love Story,Katelyn Doyle,Length: 10 hrs and 31 mins
Out for Blood,Ryan Steck,Length: 10 hrs and 52 mins
AI Prosperity Blueprint,Julio D. Velez,Length: 3 hrs and 37 mins
Hell Difficulty Tutorial,Cerim,Length: 18 hrs and 34 mins
Life Is Funny Until It's Not,Chonda Pierce,Length: 8 hrs and 38 mins
A Drop in Forever,Dulcie Dameron,Length: 8 hrs and 54 mins
Sing Like Fish,Amorina Kingdon,Length: 8 hrs and 50 mins
In Too Deep,"Lee Child,Andrew Child",Length: 10 hrs
Coven King 1,"Virgil Knightley,Edgar Riggs",Length: 10 hrs and 52 mins
All the Summers in Between,Brooke Lea Foster,Length: 11 hrs and 27 mins
Demonic Devourer: Book 3,Aaron Shih,Length: 15 hrs and 35 mins
A Perfect Spy,John Le Carré,Length: 19 hrs and 56 mins
Legend of the Arch Magus: Publisher's Pack 6,Michael Sisa,Length: 14 hrs and 26 mins
The Woman by the Lake,Kristen Ashley,Length: 13 hrs and 1 min
The Midnight Feast,Lucy Foley,Length: 10 hrs and 20 mins
"Unintended Cultivator, Volume 2",Eric Dontigney,Length: 12 hrs and 42 mins
Recon,Craig Alanson,Length: 16 hrs and 26 mins
12 Miles Below III: Grand Design,Mark Arrows,Length: 17 hrs and 18 mins
Enchanting Exposition,Alice Winters,Length: 8 hrs and 43 mins
Star Wars: Temptation of the Force (The High Republic),Tessa Gratton,Length: 17 hrs and 3 mins
The Road to the Country,Chigozie Obioma,Length: 13 hrs and 47 mins
Prince and Betrothed,Tavia Lark,Length: 8 hrs and 6 mins
How to Love Someone Without Losing Your Mind,Todd Baratz LMHC,Length: 6 hrs and 55 mins
Conflict of Duty,James Chandler,Length: 9 hrs and 47 mins
Winter Lost,Patricia Briggs,Length: 11 hrs and 15 mins
Liberalism as a Way of Life,Alexandre Lefebvre,Length: 8 hrs and 11 mins
You Like It Darker,Stephen King,Length: 20 hrs and 12 mins
Secrets and Strife: An Isekai LitRPG,SourpatchHero,Length: 18 hrs and 53 mins
A Dog Named Mattis,Mark Tappan,Length: 4 hrs and 31 mins
My Royal Showmance,Lexi Blake,Length: 11 hrs and 10 mins
Capture or Kill,"Vince Flynn,Don Bentley",Length: 12 hrs
Birds Aren't Real,"Peter McIndoe,Connor Gaydos",Length: 3 hrs and 50 mins
The Comprehensive Guide to Wall Pilates for Seniors,"Katherine Harmeen,John Ok",Length: 3 hrs and 49 mins
Just Some Stupid Love Story,Katelyn Doyle,Length: 10 hrs and 31 mins
Finding Radical Wholeness,Ken Wilber,Length: 17 hrs and 16 mins
Out for Blood,Ryan Steck,Length: 10 hrs and 52 mins
It Breaks Me,Penelope Sky,Length: 6 hrs and 38 mins
AI Prosperity Blueprint,Julio D. Velez,Length: 3 hrs and 37 mins
Hell Difficulty Tutorial,Cerim,Length: 18 hrs and 34 mins
Roswell Johnson Saves the World!,Chris Colfer,Length: 9 hrs and 9 mins
Life Is Funny Until It's Not,Chonda Pierce,Length: 8 hrs and 38 mins
A Drop in Forever,Dulcie Dameron,Length: 8 hrs and 54 mins
Sherwood Forest Shifters: Three Book Collection,Anna Lowe,Length: 18 hrs and 34 mins
Sing Like Fish,Amorina Kingdon,Length: 8 hrs and 50 mins
In Too Deep,"Lee Child,Andrew Child",Length: 10 hrs
When You Smile,Melissa Brayden,Length: 10 hrs and 56 mins
Coven King 1,"Virgil Knightley,Edgar Riggs",Length: 10 hrs and 52 mins
Clete,James Lee Burke,Length: 9 hrs and 20 mins
Same as It Ever Was,Claire Lombardo,Length: Not Yet Known
Cold King of New York,Siobhan Davis,Length: 8 hrs and 56 mins
Born of Blood and Ash,Jennifer L. Armentrout,Length: 24 hrs
"Avatar, the Last Airbender: The Reckoning of Roku",Randy Ribay,Length: 10 hrs and 30 mins
Switch On Your Brain Every Day,Dr. Caroline Leaf,Length: 9 hrs and 36 mins
Tom Clancy Act of Defiance,"Brian Andrews,Jeffrey Wilson",Length: 17 hrs and 1 min
All the Skills 4: A Deck-Building LitRPG,Honour Rae,Length: 14 hrs and 26 mins
Path of the Berserker 2: A Daopocalypse Progression Fantasy,Rick Scott,Length: 23 hrs and 6 mins
Imperial Entanglements: A Humorous Isekai LitRPG,Icalos,Length: 14 hrs and 1 min
The Ever Queen,LJ Andrews,Length: 13 hrs and 9 mins
The Sunlit Man,Brandon Sanderson,Length: 11 hrs and 11 mins
Birding with Benefits,Sarah T. Dubb,Length: 9 hrs and 57 mins
Love Your Enemies: 10th Anniversary Edition,"Sharon Salzberg,Robert Thurman",Length: 6 hrs and 59 mins
Shadow of Doubt,Brad Thor,Length: 11 hrs and 30 mins
Pulse,Adriana Locke,Length: 6 hrs and 1 min
This Is Why You Dream,Rahul Jandial MD PhD,Length: 6 hrs and 11 mins
The Housemaid Is Watching,Freida McFadden,Length: 11 hrs and 42 mins
A Few Against Many,Ryk Brown,Length: 7 hrs and 49 mins
The Waiting,Michael Connelly,Length: 12 hrs
Threads of Destiny: Volume 3,Yrsillar,Length: 12 hrs and 18 mins
God Emperor of Dune,Frank Herbert,Length: 15 hrs and 48 mins
"Magic Kingdom at War, Book 1",Tao Wong,Length: 2 hrs and 52 mins
Children of Anguish and Anarchy,Tomi Adeyemi,Length: 10 hrs and 2 mins
Frigid Magic,Bruce Sentar,Length: 16 hrs and 30 mins
The Mercy of Gods,James S.A. Corey,Length: 18 hrs and 30 mins
Watch with Me,Wendell Berry,Length: 4 hrs and 50 mins
Tell Me Who You Are,Louisa Luna,Length: 10 hrs and 47 mins
Fates Entwined,Elizabeth Briggs,Length: 14 hrs and 44 mins
The Dreamweaver Series: Books One to Three,Helen Harper,Length: 21 hrs and 49 mins
Children of Dune,Frank Herbert,Length: 16 hrs and 51 mins
Fur Love or Money,Sofie Ryan,Length: 7 hrs and 26 mins
When Ben Loved Tim,Jay Bell,Length: 13 hrs and 7 mins
Strong and Wild,Sloane St. James,Length: 10 hrs and 2 mins
Brain Storm,Cat Gilbert,Length: 13 hrs and 50 mins
His Family Objects: A Pride and Prejudice Variation,Lucy Marin,Length: 9 hrs and 13 mins
"Eskau: An Unplanned Infiltration, Progression Fantasy",J.L. Mullins,Length: 27 hrs and 40 mins
Harry Potter and the Goblet of Fire (Narrated by Stephen Fry),J.K. Rowling,Length: 20 hrs and 54 mins
Legal Affairs of the Khul’u,Muhammad Taqi al-Deen al-Hilali,Length: 3 hrs and 10 mins
The Elder Lands: A Kingdom Building LitRPG,B. Salem,Length: 15 hrs and 5 mins
The Laws of Human Nature,Robert Greene,Length: 28 hrs and 26 mins
Same Difference,E. J. Copperman,Length: 8 hrs and 44 mins
Reckless,Lauren Roberts,Length: 11 hrs
A Calamity of Souls,David Baldacci,Length: 14 hrs and 28 mins
Corviticus University: Revelations,J.E. Cluney,Length: 8 hrs and 47 mins
The Package,Sebastian Fitzek,Length: 6 hrs and 37 mins
The Necromancer's End: An Epic Fantasy Adventure,Jack Pembroke,Length: 14 hrs and 7 mins
Yumi and the Nightmare Painter,Brandon Sanderson,Length: 14 hrs and 43 mins
Cocoa Beach Bride,Cecelia Scott,Length: 7 hrs and 26 mins
Just for the Summer,Abby Jimenez,Length: 11 hrs and 43 mins
"My Cottage Was Transferred to Another World, Volume 3",Sebastian Guzman,Length: 14 hrs and 5 mins
The Forsaken,Christopher G. Nuttall,Length: 12 hrs and 33 mins
Mind Games,Nora Roberts,Length: 14 hrs and 52 mins
Rebel Moon: The Scargiver,V. Castro,Length: 5 hrs and 24 mins
My Daughter's Lies,Julia Roberts,Length: 8 hrs and 32 mins
Light Bringer,Pierce Brown,Length: 30 hrs and 8 mins
Dune Messiah,Frank Herbert,Length: 8 hrs and 57 mins
Chilled to the Bone,Amanda M. Lee,Length: 8 hrs and 14 mins
Too Far,Abby Millsaps,Length: 12 hrs and 30 mins
Firefly: Aim to Misbehave,Rosiee Thor,Length: 11 hrs
Cruel King of New York,Siobhan Davis,Length: 8 hrs and 14 mins
The Grim Reaper Gaffe,Amanda M. Lee,Length: 9 hrs and 16 mins
Enlightenment,Sarah Perry,Length: 13 hrs and 4 mins
"When You're Ready, This Is How You Heal",Brianna Wiest,Length: 6 hrs and 22 mins
Harry Potter and the Chamber of Secrets (Narrated by Stephen Fry),J.K. Rowling,Length: 9 hrs and 43 mins
Under the Breaking Sky: The Complete Apocalyptic Horror Series,Nick Clausen,Length: 59 hrs and 36 mins
I've Tried Being Nice,Ann Leary,Length: 5 hrs and 46 mins
The Death of Truth,Steven Brill,Length: 10 hrs and 32 mins
A King to Be Loved,Brea Alepoú,Length: 7 hrs and 45 mins
Ruin My Life,Luna Pierce,Length: 16 hrs and 4 mins
Kingdom of Ash,Sarah J. Maas,Length: 33 hrs and 11 mins
Taming the CEO,Layla Hagen,Length: 8 hrs and 13 mins
"Mushoku Tensei: Jobless Reincarnatio, Vol. 18",理不尽な孫の手,Length: 8 hrs and 56 mins
Fragile Sanctuary,Catherine Cowles,Length: 11 hrs and 32 mins
The Summer I Destroyed You,Elizabeth O'Roark,Length: 8 hrs and 32 mins
The Hospital,Leslie Wolfe,Length: 9 hrs and 42 mins
House of Sky and Breath,Sarah J. Maas,Length: 27 hrs and 42 mins
Tom Clancy Shadow State,M.P. Woodward,Length: 15 hrs
Bite of Justice,R.L. Caulder,Length: 6 hrs and 45 mins
World Undone,Sarah Lyons Fleming,Length: 17 hrs
"Mushoku Tensei: Jobless Reincarnation, Vol. 19",Rifujin na Magonote,Length: 9 hrs and 20 mins
If You Tell,Gregg Olsen,Length: 10 hrs and 34 mins
Paris (Extended Edition),Paris Hilton,Length: 9 hrs and 2 mins
Morning Star,Pierce Brown,Length: 21 hrs and 50 mins
Harry Potter and the Prisoner of Azkaban (Narrated by Stephen Fry),J.K. Rowling,Length: 12 hrs and 3 mins
This Is Why We Lied,Karin Slaughter,Length: 18 hrs and 6 mins
Look on the Bright Side,Kristan Higgins,Length: 12 hrs and 34 mins
Iris is More than Okay,Natalie Cooper,Length: 9 hrs and 49 mins
The Wiseguy,Piper Stone,Length: 9 hrs and 17 mins
Harry Potter and the Order of the Phoenix (Narrated by Stephen Fry),J.K. Rowling,Length: 29 hrs and 1 min
A Court of Frost and Starlight,Sarah J. Maas,Length: 6 hrs and 23 mins
Killing Time,Jodi Taylor,Length: 13 hrs and 15 mins
Demon's Bluff,Kim Harrison,Length: 18 hrs
Crush (Part 2 of 2) (Dramatized Adaptation),Tracy Wolff,Length: 7 hrs and 36 mins
Triumph of the Yuppies,Tom McGrath,Length: 10 hrs and 15 mins
Behind the Gates 4,Bobby Akart,Length: 6 hrs and 47 mins
The Last Twelve Miles,Erika Robuck,Length: 9 hrs and 39 mins
Oathbringer,Brandon Sanderson,Length: 55 hrs and 5 mins
Murder on the French Riviera,Helena Dixon,Length: 7 hrs and 13 mins
Zodiac Academy (Dramatized Adaptation),"Caroline Peckham,Susanne Valenti",Length: 9 hrs
Sentinel,Mark Greaney,Length: 13 hrs and 34 mins
Swamp Spies,Jana DeLeon,Length: 9 hrs and 44 mins
Extra Focus,Jesse J. Anderson,Length: 2 hrs and 46 mins
The Perfect Fit,Sadie Kincaid,Length: 10 hrs and 28 mins
I'm Starting to Worry About This Black Box of Doom,Jason Pargin,Length: 12 hrs and 21 mins
House of Earth and Blood,Sarah J. Maas,Length: 27 hrs and 50 mins
Baby X,Kira Peikoff,Length: 10 hrs and 10 mins
"You, Me, Her",Sue Watson,Length: 8 hrs and 57 mins
Mark of the Fool 5,J.M. Clarke,Length: 18 hrs and 30 mins
"Harry Potter and the Goblet of Fire, Book 4",J.K. Rowling,Length: 20 hrs and 36 mins
The Frugal Wizard’s Handbook for Surviving Medieval England,Brandon Sanderson,Length: 9 hrs and 11 mins
The Path of Ascension 6,C. Mantis,Length: 23 hrs and 25 mins
A Clash of Kings,George R.R. Martin,Length: 37 hrs and 12 mins
The Wise Man's Fear,Patrick Rothfuss,Length: 42 hrs and 55 mins
Words of Radiance,Brandon Sanderson,Length: 48 hrs and 13 mins
Reborn as a Demonic Tree 3,XKarnation,Length: 13 hrs and 15 mins
A Court of Thorns and Roses,Sarah J. Maas,Length: 16 hrs and 7 mins
House of Earth and Blood (Part 2 of 2) (Dramatized Adaptation),Sarah J. Maas,Length: 12 hrs and 3 mins
Outlander,Diana Gabaldon,Length: 32 hrs and 38 mins
A Storm of Swords,George R.R. Martin,Length: 47 hrs and 34 mins
Queen of Shadows,Sarah J. Maas,Length: 20 hrs and 43 mins
Abide in Christ,Andrew Murray,Length: 5 hrs and 24 mins
Crown of Midnight,Sarah J. Maas,Length: 12 hrs and 43 mins
The Chronicles of Narnia Complete Audio Collection,C. S. Lewis,Length: 33 hrs and 45 mins
The Truth About Immigration,Zeke Hernandez,Length: 11 hrs and 13 mins
The Copper Valley Fireballs Complete Series,Pippa Grant,Length: 38 hrs and 34 mins
Mad Love,Wendy Walker,Length: 4 hrs and 11 mins
This Ordinary Stardust,Alan Townsend PhD,Length: 6 hrs and 41 mins
The Fall of Cadia,Robert Rath,Length: 19 hrs and 58 mins
Countdown,Sean Oswald,Length: 13 hrs and 13 mins
Anachronist: A Time Travel Adventure,Andrew Hastie,Length: 11 hrs and 45 mins
"Chrysalis, Books 1-3",RinoZ,Length: 54 hrs and 41 mins
"Again, Dangerous Visions",Harlan Ellison,Length: 41 hrs and 4 mins
Rhythm of War,Brandon Sanderson,Length: 57 hrs and 26 mins
Empress of Fae,Briar Boleyn,Length: 14 hrs and 57 mins
Golden Son,Pierce Brown,Length: 19 hrs and 3 mins
The Last Song of Penelope,Claire North,Length: 13 hrs and 17 mins
The Fellowship of the Ring,J. R. R. Tolkien,Length: 19 hrs and 7 mins
Dungeon Life 2,Khenal,Length: 14 hrs
DSM-5-TR Audio Study Guide,Jonathan L. Reese,Length: 5 hrs and 7 mins
Well and Truly Pucked,Lauren Blakely,Length: 8 hrs and 47 mins
Dead Tired II,Ravensdagger,Length: 9 hrs and 24 mins
The Dark Forest,"Cixin Liu,Joel Martinsen - translator",Length: 22 hrs and 36 mins
Red Dead's History,Tore C. Olsson,Length: 10 hrs and 28 mins
Heir of Fire,Sarah J. Maas,Length: 17 hrs and 56 mins
Guilty Mothers,Angela Marsons,Length: 8 hrs and 31 mins
100 glorias de México [100 Mexico Glories],Alberto Lati,Length: 6 hrs and 39 mins
A Queen This Fierce and Deadly,Stacia Stark,Length: 17 hrs and 19 mins
The Hero of Ages,Brandon Sanderson,Length: 27 hrs and 25 mins
Men with Adult ADHD: The Efficient Playbook,Calvin Caufield,Length: 3 hrs and 18 mins
Death's End,"Cixin Liu,Ken Liu - translator",Length: 28 hrs and 51 mins
Empire of Storms,Sarah J. Maas,Length: 25 hrs and 18 mins
Follow Her Down,Victoria Helen Stone,Length: 10 hrs and 28 mins
Fairy Tale,Stephen King,Length: 24 hrs and 6 mins
You Never Know,"Tom Selleck,Ellis Henican",Length: 12 hrs and 47 mins
Assist,Alexandria House,Length: 6 hrs and 27 mins
I Should Have Read the EULA 3,Keegan Connelly,Length: 10 hrs and 37 mins
The Perfect Game: Book 1,J. Sterling,Length: 8 hrs and 53 mins
Fracture,"Jeremy Robinson,Kane Gilmour,Sean Ellis,David Wood,Edward G. Talbot,David McAfee,Ethan Cross",Length: 28 hrs and 1 min
Barbara O'Neill's Path to Wellness,"Evelyn Harper,Clara Bennett,Sophie Montgomery",Length: 3 hrs and 42 mins
"Autocracy, Inc.",Anne Applebaum,Length: 7 hrs
How to Talk to Anyone,Leil Lowndes,Length: 8 hrs and 59 mins
An Intrigue of Witches,Esme Addison,Length: 12 hrs and 20 mins
A Court of Wings and Ruin,Sarah J. Maas,Length: 25 hrs and 9 mins
Age of Oracles: The Complete Trilogy,Ben Hale,Length: 35 hrs and 57 mins
Harry Potter and the Deathly Hallows (Narrated by Stephen Fry),J.K. Rowling,Length: 23 hrs and 59 mins
The Worst of You,Sarah Richards,Length: 10 hrs and 51 mins
The Dungeon Anarchist's Cookbook,Matt Dinniman,Length: 16 hrs and 54 mins
Projektet,"Lee Child,Andrew Child",Length: 8 hrs and 8 mins
A Sage's Legacy,Xander Jade,Length: 10 hrs and 28 mins
48 Laws of Power,Robert Greene,Length: 23 hrs and 6 mins
He Who Fights with Monsters: A LitRPG Adventure,"Shirtaloon,Travis Deverell",Length: 28 hrs and 56 mins
A Court of Mist and Fury,Sarah J. Maas,Length: 23 hrs and 16 mins
The Lost Cyborg,Vaughn Heppner,Length: 13 hrs and 5 mins
Dr. Sebi Encyclopedia of Herbs,Onawa Cheyenne,Length: 2 hrs and 20 mins
True Crime Storytime,"M. Moore,True Crime Seven",Length: 20 hrs and 35 mins
A Court of Silver Flames,Sarah J. Maas,Length: 26 hrs and 5 mins
Restless Stars,"Caroline Peckham,Susanne Valenti",Length: 34 hrs and 26 mins
Full Metal Panic! Volume 5,Shouji Gatou,Length: 5 hrs and 35 mins
Heroics 101: A Superhero Slice-of-Life LitRPG,Aest Belequa,Length: 20 hrs and 15 mins
Invisible Doctrine,"George Monbiot,Peter Hutchison",Length: 4 hrs and 29 mins
Noble Bearings,Bruce Sentar,Length: 14 hrs and 20 mins
Guilty Minds,Ariana Cane,Length: 15 hrs and 7 mins
Bridesmaid for Hire,Meghan Quinn,Length: 13 hrs and 47 mins
Rune Seeker 3,"J.M. Clarke,C.J. Thompson",Length: 24 hrs and 24 mins
Murder at the Dinner Party,C.J. Archer,Length: 7 hrs and 35 mins
The City and Its Uncertain Walls,"Haruki Murakami,Philip Gabriel - translator",Length: 15 hrs
The Well of Ascension,Brandon Sanderson,Length: 28 hrs and 56 mins
Love Addict's RPG V1.00,Punished Kom,Length: 21 hrs and 16 mins
Romancing Mister Bridgerton,Julia Quinn,Length: 13 hrs and 17 mins
Carl's Doomsday Scenario,Matt Dinniman,Length: 11 hrs and 28 mins
The Crown of Gilded Bones,Jennifer L. Armentrout,Length: 25 hrs and 22 mins
The Rise and Fall of the Third Reich,William L. Shirer,Length: 57 hrs and 11 mins
Holy Fire: A Friend of God,Kevin Zadai,Length: 6 hrs and 4 mins
Relever,Jane Washington,Length: 14 hrs and 32 mins
"Days of Want Series, Books 1-7",T. L. Payne,Length: 43 hrs and 42 mins
Demon's Ascent,Erios909,Length: 21 hrs and 47 mins
"Nano Mage Omnibus, Books 1-3",D. Levesque,Length: 25 hrs and 55 mins
Twisted Love,Ana Huang,Length: 10 hrs and 41 mins
Breaking the Habit of Being Yourself,Joe Dispenza,Length: 10 hrs and 49 mins
America Falls Collection 1: Books 1-6,Scott Medbury,Length: 33 hrs and 15 mins
A Kingdom of Flesh and Fire,Jennifer L. Armentrout,Length: 24 hrs and 21 mins
Fourth Wing (Part 2 of 2) (Dramatized Adaptation),Rebecca Yarros,Length: 9 hrs and 22 mins
For Your Heart,Crea Reitan,Length: 10 hrs and 58 mins
"Harry Potter and the Sorcerer's Stone, Book 1",J.K. Rowling,Length: 8 hrs and 18 mins
The 3000 Most Common Words in Italian,Emily Montgomery,Length: 10 hrs and 42 mins
The Wolf Prince's Fate: Alpha and Omega,Roxie Ray,Length: 12 hrs and 20 mins
Fire Exit,Morgan Talty,Length: 6 hrs and 35 mins
A Court of Wings and Ruin (Part 3 of 3) (Dramatized Adaptation),Sarah J. Maas,Length: 6 hrs
He Who Fights with Monsters 5,"Shirtaloon,Travis Deverell",Length: 20 hrs and 5 mins
World Class,"Grant Wahl,Dr. Céline Gounder",Length: 12 hrs and 30 mins
The Chair and the Valley,"Banning Lyon,Jonathan Eig - foreword",Length: 10 hrs and 41 mins
The Stand,Stephen King,Length: 47 hrs and 47 mins
Morgan,Riley Hart,Length: 7 hrs and 16 mins
The Last Survivors Box Set,"Bobby Adair,T.W. Piperbrook",Length: 50 hrs and 24 mins
It Starts with Us,Colleen Hoover,Length: 8 hrs and 41 mins
Yowls in the Yarrow,Dale Mayer,Length: 6 hrs and 20 mins
Harry Potter and the Half-Blood Prince (Narrated by Stephen Fry),J.K. Rowling,Length: 20 hrs and 31 mins
The Gate of the Feral Gods,Matt Dinniman,Length: 18 hrs and 3 mins
Eruption,"Michael Crichton,James Patterson",Length: 10 hrs and 32 mins
Storm: Dawn of a Goddess,Tiffany D. Jackson,Length: 10 hrs and 40 mins
The Path of Ascension: Books 1-3.5,C. Mantis,Length: 70 hrs and 2 mins
"So I'm a Spider, So What?, Vol. 9","Okina Baba,Tsukasa Kiryu - illustrator,Jenny McKeon McKeon",Length: 7 hrs and 36 mins
Worldship Files: Detonation,Erik Schubach,Length: 5 hrs and 11 mins
The God and the Gumiho,Sophie Kim,Length: 13 hrs and 26 mins
When a Gangsta Wants You,Jade Jones,Length: 8 hrs and 17 mins
Camino Ghosts,John Grisham,Length: 10 hrs and 17 mins
A Court of Frost and Starlight (Dramatized Adaptation),Sarah J. Maas,Length: 5 hrs and 33 mins
Never Finished,David Goggins,Length: 11 hrs and 6 mins
Erotica for Women: Sex Stories,Lucy James,Length: 20 hrs and 15 mins
The Two Towers,J. R. R. Tolkien,Length: 20 hrs and 46 mins
Foolish Games,Selena,Length: 8 hrs and 57 mins
"Harry Potter and the Half-Blood Prince, Book 6",J.K. Rowling,Length: 18 hrs and 32 mins
My Secret Portal to a Fantasy World: Book 2,D. Levesque,Length: 8 hrs and 32 mins
The Reckoning,"Caroline Peckham,Susanne Valenti",Length: 17 hrs and 40 mins
Fall of Civilizations,Paul Cooper,Length: 19 hrs and 25 mins
101 Essays That Will Change the Way You Think,Brianna Wiest,Length: 10 hrs and 45 mins
Grayson,Laura Scott,Length: 7 hrs and 4 mins
American Predator,Maureen Callahan,Length: 9 hrs and 3 mins
Seven Summer Weekends,Jane L. Rosen,Length: 7 hrs and 41 mins
The Originalism Trap,Madiba K. Dennie,Length: 7 hrs and 21 mins
From Pemberley to Gretna Green: A Pride and Prejudice Variation,Laraba Kendig,Length: 10 hrs and 5 mins
He Who Fights with Monsters 2,"Shirtaloon,Travis Deverell",Length: 22 hrs and 1 min
"Harry Potter and the Prisoner of Azkaban, Book 3",J.K. Rowling,Length: 11 hrs and 49 mins
Magitech Chronicles Omnibus,Chris Fox,Length: 108 hrs and 51 mins
For the Fans,Nyla K,Length: 22 hrs and 39 mins
Iron Flame (Part 1 of 2) (Dramatized Adaptation),Rebecca Yarros,Length: 11 hrs and 38 mins
Super Powereds: Year 4 (Part 4 of 4) (Dramatized Adaptation),Drew Hayes,Length: 6 hrs and 46 mins
In-Laws vs. Outlaws,"Cari Z,L.A. Witt",Length: 3 hrs and 4 mins
"Harry Potter and the Chamber of Secrets, Book 2",J.K. Rowling,Length: 9 hrs and 2 mins
An Assassination on the Agenda,T E Kinsey,Length: 8 hrs and 56 mins
"The Word of Promise Audio Bible—New King James Version, NKJV: Complete Bible",Thomas Nelson Inc.,Length: 98 hrs and 1 min
Avatar,Seth Ring,Length: 14 hrs
He Who Fights with Monsters 9,"Shirtaloon,Travis Deverell",Length: 28 hrs and 3 mins
Torrent Witches Cozy Mysteries Complete Box Set: Books 1-10,Tess Lake,Length: 65 hrs and 31 mins
Thin Ice,Lane Hayes,Length: 7 hrs and 37 mins
Voracious,James T. Callum,Length: 17 hrs and 12 mins
The Girl Who Was Taken,Charlie Donlea,Length: 10 hrs and 49 mins
Past Present Future,Rachel Lynn Solomon,Length: 9 hrs and 59 mins
The Summer of Yes,Courtney Walsh,Length: 11 hrs and 29 mins
The Bright Sword,Lev Grossman,Length: 23 hrs and 10 mins
The Stepfamily,Bonnie Traymore,Length: 7 hrs and 26 mins
Heretics of Dune,Frank Herbert,Length: 18 hrs and 4 mins
Tower of Dawn,Sarah J. Maas,Length: 22 hrs and 39 mins
Chained,Lacey Lehotzky,Length: 15 hrs and 24 mins
Hercule Poirot: The Complete Short Stories,Agatha Christie,Length: 35 hrs and 5 mins
He Who Fights with Monsters 4,"Shirtaloon,Travis Deverell",Length: 22 hrs and 20 mins
The Singularity Is Nearer,Ray Kurzweil,Length: 10 hrs and 25 mins
The Ballad of Smallhope and Pennyroyal,Jodi Taylor,Length: 10 hrs
Becoming Supernatural,Joe Dispenza,Length: 14 hrs and 6 mins
Dark Age,Pierce Brown,Length: 33 hrs and 58 mins
The Return of the King,J. R. R. Tolkien,Length: 21 hrs and 52 mins
"Harry Potter and the Order of the Phoenix, Book 5",J.K. Rowling,Length: 26 hrs and 28 mins
"Harry Potter and the Deathly Hallows, Book 7",J.K. Rowling,Length: 21 hrs and 36 mins
Loyalty,E. J. Noyes,Length: 10 hrs and 5 mins
"Think Faster, Talk Smarter",Matt Abrahams,Length: 7 hrs and 11 mins
The Duke and I,Julia Quinn,Length: 12 hrs and 9 mins
No Retreat,"J.N. Chaney,Terry Mixon",Length: 9 hrs and 2 mins
Super Powereds: Year 4,Drew Hayes,Length: 60 hrs and 37 mins
Funny Story,Emily Henry,Length: 11 hrs and 23 mins
This Woman Forever,Jodi Ellen Malpas,Length: 22 hrs and 22 mins
Till Death,Miranda Lyn,Length: 19 hrs and 23 mins
Heretics of Dune,Frank Herbert,Length: 18 hrs and 4 mins
Tower of Dawn,Sarah J. Maas,Length: 22 hrs and 39 mins
Chained,Lacey Lehotzky,Length: 15 hrs and 24 mins
Hercule Poirot: The Complete Short Stories,Agatha Christie,Length: 35 hrs and 5 mins
He Who Fights with Monsters 4,"Shirtaloon,Travis Deverell",Length: 22 hrs and 20 mins
The Singularity Is Nearer,Ray Kurzweil,Length: 10 hrs and 25 mins
The Ballad of Smallhope and Pennyroyal,Jodi Taylor,Length: 10 hrs
Becoming Supernatural,Joe Dispenza,Length: 14 hrs and 6 mins
Dark Age,Pierce Brown,Length: 33 hrs and 58 mins
The Return of the King,J. R. R. Tolkien,Length: 21 hrs and 52 mins
"Harry Potter and the Order of the Phoenix, Book 5",J.K. Rowling,Length: 26 hrs and 28 mins
"Harry Potter and the Deathly Hallows, Book 7",J.K. Rowling,Length: 21 hrs and 36 mins
Loyalty,E. J. Noyes,Length: 10 hrs and 5 mins
"Think Faster, Talk Smarter",Matt Abrahams,Length: 7 hrs and 11 mins
The Duke and I,Julia Quinn,Length: 12 hrs and 9 mins
No Retreat,"J.N. Chaney,Terry Mixon",Length: 9 hrs and 2 mins
Super Powereds: Year 4,Drew Hayes,Length: 60 hrs and 37 mins
Funny Story,Emily Henry,Length: 11 hrs and 23 mins
This Woman Forever,Jodi Ellen Malpas,Length: 22 hrs and 22 mins
Till Death,Miranda Lyn,Length: 19 hrs and 23 mins
